{"cameraMode":{"drawMode":0,"name":"Shaded","section":"Shading Mode"},"sceneLighting":true,"audioPlay":false,"sceneViewState":{"showFog":true,"showMaterialUpdate":false,"showSkybox":true,"showFlares":true,"showImageEffects":true,"showParticleSystems":true},"in2DMode":false,"pivot":{"x":0.33386850357055666,"y":0.21075725555419923,"z":-0.13461709022521974},"rotation":{"x":-0.06128580495715141,"y":0.8334804177284241,"z":-0.09442546963691712,"w":-0.5409608483314514},"size":3.983959197998047,"orthographic":false}